{"meta": {"format": 3, "version": "7.9.2", "timestamp": "2025-07-07T12:54:40.989446", "branch_coverage": false, "show_contexts": false}, "files": {"main.py": {"executed_lines": [1, 2, 3, 4, 5, 8, 10, 12, 13, 15, 16, 17, 19, 20, 24, 25, 26, 28, 29, 31, 32, 34, 35, 36, 38, 39, 41, 42, 43, 44, 47, 48, 49, 51, 52, 54, 55, 56, 58, 59, 60, 62, 63, 65, 66, 67, 68, 72, 73, 75, 76, 78, 80, 81, 82, 84, 85, 87, 89, 90, 91, 92, 93, 95, 96, 97, 98, 99, 100, 101, 102, 104, 105, 106, 107, 108, 109, 110, 111, 112, 113, 115, 116, 118, 119, 121, 123, 124, 125, 126, 127, 129, 130, 131, 135, 137, 138, 139, 140, 141, 142, 144, 145, 146, 147, 149, 151, 152, 153, 154, 156, 157, 158, 161, 164, 165, 166, 168, 169, 171, 172, 173, 174, 175, 177, 184, 186, 187, 188, 189, 190, 191, 192, 193, 197, 199, 200, 201, 204, 205, 206, 208, 209, 210, 211, 212, 214, 215, 218], "summary": {"covered_lines": 148, "num_statements": 174, "percent_covered": 85.05747126436782, "percent_covered_display": "85", "missing_lines": 26, "excluded_lines": 0}, "missing_lines": [21, 30, 40, 45, 53, 64, 69, 74, 77, 83, 86, 94, 117, 120, 128, 132, 133, 136, 155, 159, 160, 162, 163, 202, 203, 219], "excluded_lines": [], "functions": {"register_command": {"executed_lines": [12, 13], "summary": {"covered_lines": 2, "num_statements": 2, "percent_covered": 100.0, "percent_covered_display": "100", "missing_lines": 0, "excluded_lines": 0}, "missing_lines": [], "excluded_lines": []}, "Command.execute": {"executed_lines": [], "summary": {"covered_lines": 0, "num_statements": 1, "percent_covered": 0.0, "percent_covered_display": "0", "missing_lines": 1, "excluded_lines": 0}, "missing_lines": [21], "excluded_lines": []}, "WhereCommand.execute": {"executed_lines": [29, 31, 32], "summary": {"covered_lines": 3, "num_statements": 4, "percent_covered": 75.0, "percent_covered_display": "75", "missing_lines": 1, "excluded_lines": 0}, "missing_lines": [30], "excluded_lines": []}, "AggregateCommand.execute": {"executed_lines": [39, 41, 42, 43, 44], "summary": {"covered_lines": 5, "num_statements": 7, "percent_covered": 71.42857142857143, "percent_covered_display": "71", "missing_lines": 2, "excluded_lines": 0}, "missing_lines": [40, 45], "excluded_lines": []}, "OrderByCommand.execute": {"executed_lines": [52, 54, 55, 56], "summary": {"covered_lines": 4, "num_statements": 5, "percent_covered": 80.0, "percent_covered_display": "80", "missing_lines": 1, "excluded_lines": 0}, "missing_lines": [53], "excluded_lines": []}, "MedianCommand.execute": {"executed_lines": [63, 65, 66, 67, 68], "summary": {"covered_lines": 5, "num_statements": 7, "percent_covered": 71.42857142857143, "percent_covered_display": "71", "missing_lines": 2, "excluded_lines": 0}, "missing_lines": [64, 69], "excluded_lines": []}, "parse_order_by": {"executed_lines": [73, 75, 76, 78], "summary": {"covered_lines": 4, "num_statements": 6, "percent_covered": 66.66666666666667, "percent_covered_display": "67", "missing_lines": 2, "excluded_lines": 0}, "missing_lines": [74, 77], "excluded_lines": []}, "parse_where_condition": {"executed_lines": [81, 82, 84, 85, 87], "summary": {"covered_lines": 5, "num_statements": 7, "percent_covered": 71.42857142857143, "percent_covered_display": "71", "missing_lines": 2, "excluded_lines": 0}, "missing_lines": [83, 86], "excluded_lines": []}, "where_data": {"executed_lines": [90, 91, 92, 93, 95, 96, 97, 98, 99, 100, 101, 102, 104, 105, 106, 107, 108, 109, 110, 111, 112, 113], "summary": {"covered_lines": 22, "num_statements": 23, "percent_covered": 95.65217391304348, "percent_covered_display": "96", "missing_lines": 1, "excluded_lines": 0}, "missing_lines": [94], "excluded_lines": []}, "parse_aggregate": {"executed_lines": [116, 118, 119, 121], "summary": {"covered_lines": 4, "num_statements": 6, "percent_covered": 66.66666666666667, "percent_covered_display": "67", "missing_lines": 2, "excluded_lines": 0}, "missing_lines": [117, 120], "excluded_lines": []}, "aggregate_data": {"executed_lines": [124, 125, 126, 127, 129, 130, 131, 135, 137, 138, 139, 140, 141, 142], "summary": {"covered_lines": 14, "num_statements": 18, "percent_covered": 77.77777777777777, "percent_covered_display": "78", "missing_lines": 4, "excluded_lines": 0}, "missing_lines": [128, 132, 133, 136], "excluded_lines": []}, "read_csv": {"executed_lines": [145, 146, 147], "summary": {"covered_lines": 3, "num_statements": 3, "percent_covered": 100.0, "percent_covered_display": "100", "missing_lines": 0, "excluded_lines": 0}, "missing_lines": [], "excluded_lines": []}, "median_data": {"executed_lines": [151, 152, 153, 154, 156, 157, 158, 161, 164, 165, 166], "summary": {"covered_lines": 11, "num_statements": 16, "percent_covered": 68.75, "percent_covered_display": "69", "missing_lines": 5, "excluded_lines": 0}, "missing_lines": [155, 159, 160, 162, 163], "excluded_lines": []}, "main": {"executed_lines": [169, 171, 172, 173, 174, 175, 177, 184, 186, 187, 188, 189, 190, 191, 192, 193, 197, 199, 200, 201, 204, 205, 206, 208, 209, 210, 211, 212, 214, 215], "summary": {"covered_lines": 30, "num_statements": 32, "percent_covered": 93.75, "percent_covered_display": "94", "missing_lines": 2, "excluded_lines": 0}, "missing_lines": [202, 203], "excluded_lines": []}, "": {"executed_lines": [1, 2, 3, 4, 5, 8, 10, 15, 16, 17, 19, 20, 24, 25, 26, 28, 34, 35, 36, 38, 47, 48, 49, 51, 58, 59, 60, 62, 72, 80, 89, 115, 123, 144, 149, 168, 218], "summary": {"covered_lines": 36, "num_statements": 37, "percent_covered": 97.29729729729729, "percent_covered_display": "97", "missing_lines": 1, "excluded_lines": 0}, "missing_lines": [219], "excluded_lines": []}}, "classes": {"Command": {"executed_lines": [], "summary": {"covered_lines": 0, "num_statements": 1, "percent_covered": 0.0, "percent_covered_display": "0", "missing_lines": 1, "excluded_lines": 0}, "missing_lines": [21], "excluded_lines": []}, "WhereCommand": {"executed_lines": [29, 31, 32], "summary": {"covered_lines": 3, "num_statements": 4, "percent_covered": 75.0, "percent_covered_display": "75", "missing_lines": 1, "excluded_lines": 0}, "missing_lines": [30], "excluded_lines": []}, "AggregateCommand": {"executed_lines": [39, 41, 42, 43, 44], "summary": {"covered_lines": 5, "num_statements": 7, "percent_covered": 71.42857142857143, "percent_covered_display": "71", "missing_lines": 2, "excluded_lines": 0}, "missing_lines": [40, 45], "excluded_lines": []}, "OrderByCommand": {"executed_lines": [52, 54, 55, 56], "summary": {"covered_lines": 4, "num_statements": 5, "percent_covered": 80.0, "percent_covered_display": "80", "missing_lines": 1, "excluded_lines": 0}, "missing_lines": [53], "excluded_lines": []}, "MedianCommand": {"executed_lines": [63, 65, 66, 67, 68], "summary": {"covered_lines": 5, "num_statements": 7, "percent_covered": 71.42857142857143, "percent_covered_display": "71", "missing_lines": 2, "excluded_lines": 0}, "missing_lines": [64, 69], "excluded_lines": []}, "": {"executed_lines": [1, 2, 3, 4, 5, 8, 10, 12, 13, 15, 16, 17, 19, 20, 24, 25, 26, 28, 34, 35, 36, 38, 47, 48, 49, 51, 58, 59, 60, 62, 72, 73, 75, 76, 78, 80, 81, 82, 84, 85, 87, 89, 90, 91, 92, 93, 95, 96, 97, 98, 99, 100, 101, 102, 104, 105, 106, 107, 108, 109, 110, 111, 112, 113, 115, 116, 118, 119, 121, 123, 124, 125, 126, 127, 129, 130, 131, 135, 137, 138, 139, 140, 141, 142, 144, 145, 146, 147, 149, 151, 152, 153, 154, 156, 157, 158, 161, 164, 165, 166, 168, 169, 171, 172, 173, 174, 175, 177, 184, 186, 187, 188, 189, 190, 191, 192, 193, 197, 199, 200, 201, 204, 205, 206, 208, 209, 210, 211, 212, 214, 215, 218], "summary": {"covered_lines": 131, "num_statements": 150, "percent_covered": 87.33333333333333, "percent_covered_display": "87", "missing_lines": 19, "excluded_lines": 0}, "missing_lines": [74, 77, 83, 86, 94, 117, 120, 128, 132, 133, 136, 155, 159, 160, 162, 163, 202, 203, 219], "excluded_lines": []}}}}, "totals": {"covered_lines": 148, "num_statements": 174, "percent_covered": 85.05747126436782, "percent_covered_display": "85", "missing_lines": 26,